Code,1995,1996,1997,1998,1999,2000,2001,2002,2003,2004,2005,2006,2007,2008,2009,2010,2011,2012,2013,2014,2015,2016,2017
ABW,1320670391,1379888268,1531843575,1665363128,1722905028,1873184358,1896648045,1962011173,2044134078,2254748603,2359776536,2469832402,2677653631,2843016760,2553631285,2453631285,2637988827,2615083799,2727932961,2791061453,2963128492,2983798883,3092178771
AFE,2.70E+11,2.68E+11,2.82E+11,2.66E+11,2.62E+11,2.84E+11,2.59E+11,2.65E+11,3.53E+11,4.39E+11,5.12E+11,5.76E+11,6.61E+11,7.08E+11,7.19E+11,8.60E+11,9.64E+11,9.72E+11,9.83E+11,1.00E+12,9.23E+11,8.90E+11,1.03E+12
AFG,,,,,,,,3854235264,4539500884,5220823685,6226199249,6971379033,9715761650,10249767311,12154835708,15633856787,18190410821,20203572960,20564485419,20550582747,19998156214,18019558182,18896352022
AFW,1.08E+11,1.26E+11,1.27E+11,1.30E+11,1.38E+11,1.40E+11,1.47E+11,1.77E+11,2.04E+11,2.53E+11,3.10E+11,3.96E+11,4.64E+11,5.66E+11,5.07E+11,5.97E+11,6.80E+11,7.36E+11,8.32E+11,8.92E+11,7.67E+11,6.91E+11,6.84E+11
AGO,5538749260,7526446606,7648377413,6506229607,6152922943,9129594819,8936063723,15285594828,17812704825,23552047248,36970918699,52381006892,65266452081,88538610805,70307166934,81699526881,1.09E+11,1.25E+11,1.33E+11,1.37E+11,87219300385,49840491178,68972769396
ALB,2392764853,3199641336,2258513974,2545964541,3212121651,3480355258,3922100794,4348068242,5611496257,7184685782,8052073539,8896072919,10677324144,12881353508,12044208086,11926922829,12890764531,12319830437,12776220507,13228147516,11386850130,11861199831,13019689337
AND,1178738991,1223945357,1180597273,1211932398,1239876305,1429049198,1546926174,1755910032,2361726862,2894921778,3159905484,3456442103,3952600602,4085630584,3674409558,3449966857,3629203786,3188808943,3193704343,3271808157,2789870188,2896679212,3000180750
ARB,5.56E+11,6.14E+11,6.62E+11,6.44E+11,7.13E+11,8.16E+11,7.99E+11,8.03E+11,8.88E+11,1.06E+12,1.30E+12,1.54E+12,1.79E+12,2.25E+12,1.98E+12,2.33E+12,2.54E+12,2.79E+12,2.84E+12,2.90E+12,2.54E+12,2.52E+12,2.60E+12
ARE,65743666576,73571233996,78839008445,75674336283,84445473111,1.04E+11,1.03E+11,1.10E+11,1.24E+11,1.48E+11,1.81E+11,2.22E+11,2.58E+11,3.15E+11,2.54E+11,2.90E+11,3.51E+11,3.85E+11,4.00E+11,4.14E+11,3.70E+11,3.69E+11,3.91E+11
ARG,2.58E+11,2.72E+11,2.93E+11,2.99E+11,2.84E+11,2.84E+11,2.69E+11,97724004252,1.28E+11,1.65E+11,1.99E+11,2.33E+11,2.88E+11,3.62E+11,3.33E+11,4.24E+11,5.30E+11,5.46E+11,5.52E+11,5.26E+11,5.95E+11,5.58E+11,6.44E+11
ARM,1468317435,1596968946,1639492445,1893726437,1845482173,1911563669,2118467913,2376335048,2807061009,3576615240,4900469950,6384451606,9206301700,11662040714,8647936748,9260284938,10142111334,10619320049,11121465767,11609512940,10553337673,10546135160,11527458566
ASM,,,,,,,,512000000,524000000,509000000,500000000,493000000,518000000,560000000,675000000,573000000,570000000,640000000,638000000,643000000,673000000,671000000,612000000
ATG,577281481.5,633729629.6,680618518.5,727859259.3,766200000,826370370.4,800481481.5,814381481.5,856396296.3,919729629.6,1022962963,1157662963,1312759259,1370070370,1228329630,1148700000,1137637037,1199948148,1181448148,1249733333,1336692593,1436585185,1467977778
AUS,3.68E+11,4.01E+11,4.36E+11,4.00E+11,3.89E+11,4.16E+11,3.79E+11,3.96E+11,4.67E+11,6.14E+11,6.95E+11,7.48E+11,8.54E+11,1.06E+12,9.29E+11,1.15E+12,1.40E+12,1.55E+12,1.58E+12,1.47E+12,1.35E+12,1.21E+12,1.33E+12
AUT,2.41E+11,2.37E+11,2.13E+11,2.18E+11,2.17E+11,1.97E+11,1.98E+11,2.14E+11,2.62E+11,3.01E+11,3.16E+11,3.36E+11,3.89E+11,4.32E+11,4.02E+11,3.92E+11,4.32E+11,4.09E+11,4.30E+11,4.43E+11,3.82E+11,3.96E+11,4.17E+11
AZE,2417355840,3176333837,3962238113,4446368571,4581432039,5272798391,5707720391,6235856820,7276753895,8680370408,13245716099,20982986344,33050343783,48852482960,44291490421,52909294792,65951627200,69683935845,74164435946,75244294275,53074370486,37867518957,40865558912
BDI,1000428394,869033856.3,972896267.9,893770806.1,808077223.4,870486065.9,876794723.1,825394490.2,784654423.6,915257323.4,1117113046,1273375020,1356199365,1611835902,1781455092,2032135247,2235820868,2333341375,2451606684,2705783272,3104003611,2639321161,2712324134
BEL,2.88E+11,2.79E+11,2.53E+11,2.59E+11,2.58E+11,2.37E+11,2.37E+11,2.58E+11,3.18E+11,3.69E+11,3.86E+11,4.08E+11,4.71E+11,5.17E+11,4.83E+11,4.81E+11,5.23E+11,4.96E+11,5.22E+11,5.35E+11,4.62E+11,4.76E+11,5.03E+11
BEN,2169627251,2361116588,2268301538,2455092582,3677394292,3519991326,3666222600,4194342849,5349258334,6190270756,6567654494,7034111651,8169048690,9787735426,9738626993,9535345011,10693321370,11141358106,12517845128,13284527850,11388160997,11821065852,12701655846
BFA,2379518099,2586550747,2447668985,2804902248,3389566983,2968369991,3190371050,3622350204,4740768355,5451688868,6146352742,6547420134,7625723124,9451436359,9450697336,10109618964,12080296644,12561016091,13444301139,13943016924,11832159276,12833363370,14106956830
BGD,37939748769,46438484108,48244309133,49984559471,51270569884,53369787319,53991289844,54724081491,60158929188,65108544250,69442943089,71819083684,79611888213,91631278239,1.02E+11,1.15E+11,1.29E+11,1.33E+11,1.50E+11,1.73E+11,1.95E+11,2.65E+11,2.94E+11
BGR,18983288690,12294204609,11315986087,15030696433,13627325461,13245834315,14183497963,16402846413,21144982397,26157892832,29869284035,34379808889,44432811756,54481376860,52023505367,50682061053,57678241024,54300857424,55810138436,57082011260,50781996713,53953897624,59199447421
BHR,5849467819,6101861436,6349202394,6183776596,6621010372,9062898936,8976196809,9593510638,11074813830,13150159574,15968723404,18504760638,21730000000,25710904255,22938218085,25713271277,28776595745,30749308511,32539468085,33387712766,31050638298,32234973404,35473776596
BHS,3429000000,3609000000,6332360000,6833220000,7683870000,8076470000,8317830000,8881160000,8870090000,9055290000,9836200000,10167250000,10618340000,10526000000,9981960000,10095760000,10070450000,10720500000,10562800000,11176100000,11861900000,11834600000,12357600000
BIH,1866572954,2786045322,3671816504,4116699437,4685733115,5567405605,5800774707,6728771319,8498560877,10157553968,11222953329,12864610865,15778767390,19112739365,17613836494,17176781066,18644723861,17226849166,18178503835,18558343305,16211541593,16913330977,18080118186
BLR,13972676841,14756846154,14128408566,15222012660,12138486532,12736856828,12354820144,14594249023,17827791321,23144351852,30207567317,36954312354,45277399814,60763483146,50874078052,57222490769,61757788945,65685102555,75527984234,78813839984,56454734397,47722657821,54726595249
BLZ,818500000,851500000,868000000,914000000,975000000,1116000000,1163000000,1233000000,1298000000,1389500000,1461500000,1581000000,1696000000,1729000000,1680500000,1738500000,1819500000,1903000000,2029500000,2138000000,2210500000,2258500000,2286000000
BMU,2030750000,2695390000,2932827000,3130748000,3324433000,3480219000,3680483000,3937228000,4186525000,4484703000,4868136000,6144000000,6767000000,6980000000,6656000000,6634526000,6312691000,6378188000,6465756000,6413988000,6654541000,6899911000,7142316000
BOL,6715220486,7396966618,7925673467,8497545544,8285075838,8397912525,8141537877,7905485146,8082364816,8773451752,9549077919,11451869202,13120183208,16674324662,17339992194,19649631308,23963033429,27084497482,30659338886,32996188017,33000198248,33941126200,37508642165
BRA,7.69E+11,8.50E+11,8.83E+11,8.64E+11,6.00E+11,6.55E+11,5.60E+11,5.10E+11,5.58E+11,6.69E+11,8.92E+11,1.11E+12,1.40E+12,1.70E+12,1.67E+12,2.21E+12,2.62E+12,2.47E+12,2.47E+12,2.46E+12,1.80E+12,1.80E+12,2.06E+12
BRB,2216974096,2363645403,2498384130,2817083478,2951822205,3059500000,3054500000,3106500000,3209500000,3444500000,3819500000,4217450800,4674007450,4784925100,4465657300,4529928300,4657699450,4610096000,4677248300,4696344350,4724691200,4832811750,4981588900
BRN,4734020037,5115602837,5197332974,4051147228,4600000000,6001153306,5601090584,5843329108,6557333085,7872333215,9531402848,11470703002,12247694247,14393099069,10732366286,13707370737,18525319978,19047940301,18093829923,17098342541,12930394938,11400854268,12128104859
BTN,290464801.1,303435517.9,352260952.9,363452787.2,399268801.7,424464089.9,461444513.7,520849551.5,604041957.9,682523857,796938120.2,874989895.6,1168308517,1227808791,1234014292,1547991318,1777101317,1781281282,1756215665,1907090813,2003598213,2158972129,2450364928
BWA,4730611067,4847752843,5020214747,4790458837,5484257417,5788329609,5489608300,5438857107,7511582173,8957467707,9918907108,9919158482,10567270656,10730763099,10118518637,12637319933,15110716534,13907510006,14271752527,15470059202,13530738158,15082579074,16105182316
CAF,1115389732,1007791186,937741468,967338348.7,999477510.7,916777282.7,932648595.8,996068183.7,1142315574,1272360595,1337894285,1461859832,1699811359,1993408072,2067381766,2142591376,2437982840,2510126699,1691544192,1894813505,1695825708,1825018191,2072349794
CAN,6.04E+11,6.29E+11,6.55E+11,6.34E+11,6.78E+11,7.45E+11,7.39E+11,7.61E+11,8.96E+11,1.03E+12,1.17E+12,1.32E+12,1.47E+12,1.55E+12,1.37E+12,1.62E+12,1.79E+12,1.83E+12,1.85E+12,1.81E+12,1.56E+12,1.53E+12,1.65E+12
CEB,3.93E+11,4.16E+11,4.10E+11,4.49E+11,4.35E+11,4.28E+11,4.69E+11,5.28E+11,6.34E+11,7.63E+11,8.87E+11,1.00E+12,1.27E+12,1.53E+12,1.29E+12,1.32E+12,1.46E+12,1.36E+12,1.42E+12,1.46E+12,1.29E+12,1.32E+12,1.46E+12
CHE,3.53E+11,3.40E+11,2.95E+11,3.03E+11,2.98E+11,2.79E+11,2.87E+11,3.09E+11,3.62E+11,4.04E+11,4.18E+11,4.42E+11,4.91E+11,5.67E+11,5.54E+11,5.99E+11,7.16E+11,6.86E+11,7.06E+11,7.27E+11,6.94E+11,6.88E+11,6.95E+11
CHI,,,,5945445051,6263177944,6439403014,6233310060,6663436031,7332574116,8553956571,8827299477,9676410338,11515258634,,,,,,,,,,
CHL,73447063319,78574385336,85728899954,81995304456,75596103237,78249883996,71517080041,70294892400,76507577235,99079230170,1.22E+11,1.54E+11,1.73E+11,1.80E+11,1.71E+11,2.17E+11,2.51E+11,2.67E+11,2.77E+11,2.59E+11,2.42E+11,2.49E+11,2.76E+11
CHN,7.35E+11,8.64E+11,9.62E+11,1.03E+12,1.09E+12,1.21E+12,1.34E+12,1.47E+12,1.66E+12,1.96E+12,2.29E+12,2.75E+12,3.55E+12,4.59E+12,5.10E+12,6.09E+12,7.55E+12,8.53E+12,9.57E+12,1.05E+13,1.11E+13,1.12E+13,1.23E+13
CIV,11000146839,18071153890,18047557172,19619653924,18870992456,16577533355,16810536884,18054384023,21251755294,23510577108,24036917017,25281414473,28760092034,34078243426,33886814907,34936305297,36693712825,36302305578,42760237561,48843008580,45814637971,47964234560,51588158718
CMR,10864773037,11093539497,10789457915,11298144512,11565827386,10566578953,10953485244,12417251816,15970315751,18826215278,19509850837,20910513975,23928251334,27715144580,27932971683,27507499709,30630912185,30155064574,33728622819,36386546918,32210232912,33814337900,36098550142
COD,5643439373,5771454940,6090840548,6217806273,4711259427,19088046306,7438189100,8728038525,8937567060,10297483481,11964484668,14451902468,16737071816,19788515874,18648373312,21565720044,25839749199,29306235826,32679745298,35909040266,37917704900,37134799975,38019265626
COG,2116003868,2540697538,2322719101,1949481381,2354772959,3227927697,2796704577,3034251042,3503723245,4656975223,6650001214,8072305415,8782703767,11649858744,9723300391,13148395202,15655384440,17692912613,17958721572,17912908766,11890259136,10219341277,11094822713
COL,92507279383,97160109278,1.07E+11,98443739941,86186158685,99886577331,98211749596,97963003805,94641378693,1.17E+11,1.46E+11,1.62E+11,2.06E+11,2.42E+11,2.32E+11,2.87E+11,3.35E+11,3.71E+11,3.82E+11,3.81E+11,2.93E+11,2.83E+11,3.12E+11
COM,398461789.6,396053797.6,364445589.7,370106776,382454989.9,351136568.4,378512003.4,425964697.4,546885185,633706149.3,653845122.9,698431827.7,795673128.5,915659192.8,905341090.6,907978723.5,1023086184,1015843369,1116224161,1149587652,966029542,1012835518,1077439663
CPV,487148993.5,501979069.3,490608657.9,521910560.5,592416703.1,539227277.6,563090641.2,620507562.1,813260468.9,924940272.4,972241336.9,1107571017,1513040065,1787968044,1697737296,1663913071,1865915544,1741809809,1850470042,1859898513,1596800287,1663008687,1769787215
CRI,11578594260,11678424507,12614602382,13684255947,14254866281,15013629659,15976174337,16578820687,17271760507,18610594846,20040642477,22715540324,26884700345,30801744881,30745712007,37658614803,42762617082,47231651863,50949672206,52016408951,56441917653,58847016045,60516043590
CSS,22270861146,24291632639,28416225469,30354031334,32186916763,34533832085,35575806154,37324413479,39887628736,43625651969,49307102490,56074282811,62328931282,70781392493,59840576906,64943467922,70083173169,73852722208,75232098979,76921757096,75669285316,71061689480,73590179850
CUB,30429803651,25017368700,25365908100,25736331200,28364615200,30565400000,31682400000,33590500000,35901200000,38203000000,42643836100,48835925926,54262870370,56302129630,57481481481,59562962963,68990000000,73141000000,77148000000,80656000000,87133000000,91370000000,96851000000
CUW,,,,,,,,,,,,,,,,,2933128492,3024525140,3039944134,3048435754,3042737430,3014748603,3009497207
CYM,,,,,,,,,,,,4200439458,4466438858,4586114125,4281868715,4156990760,4186223809,4291159006,4405954638,4563017881,4708336733,4909498980,5166467299
CYP,9933133247,10011918444,9547818700,10248617647,10497908306,9985844486,10397897086,11420227885,14547325028,17320552500,18433411267,20072786351,23968764030,27844698989,25945391775,25800247912,27642086581,25048659900,23961144906,23226782251,19909190059,21046951516,22946726164
CZE,60147174077,67387788633,62180159376,66807429711,65173130995,61828166496,67808032980,82196001051,1.00E+11,1.20E+11,1.37E+11,1.56E+11,1.90E+11,2.37E+11,2.07E+11,2.09E+11,2.30E+11,2.09E+11,2.12E+11,2.09E+11,1.88E+11,1.96E+11,2.19E+11
DEU,2.59E+12,2.50E+12,2.21E+12,2.24E+12,2.19E+12,1.95E+12,1.95E+12,2.08E+12,2.50E+12,2.81E+12,2.85E+12,2.99E+12,3.43E+12,3.75E+12,3.41E+12,3.40E+12,3.75E+12,3.53E+12,3.73E+12,3.89E+12,3.36E+12,3.47E+12,3.69E+12
DJI,497723960.6,494004647.7,502675542,514267869.3,536080148.1,551230861.9,572417440.8,591122039.6,622044665.5,666072101.8,708633194.7,768873684,847918929.1,999105339.3,1049110685,1128611700,1239144502,1353632942,2042817163,2214679081,2424391785,2604955229,2762581334
DMA,274522222.2,292285185.2,302988888.9,322411111.1,331759259.3,333470370.4,340203703.7,333196296.3,343311111.1,367200000,364255555.6,390251851.9,421374074.1,458188888.9,489074074.1,493825925.9,501025925.9,485996296.3,498296296.3,520207407.4,540737037,576229629.6,521551851.9
DNK,1.85E+11,1.88E+11,1.74E+11,1.77E+11,1.78E+11,1.64E+11,1.65E+11,1.79E+11,2.18E+11,2.51E+11,2.64E+11,2.83E+11,3.19E+11,3.53E+11,3.21E+11,3.22E+11,3.44E+11,3.27E+11,3.44E+11,3.53E+11,3.03E+11,3.13E+11,3.32E+11
DOM,16637370839,18241691857,20017480055,21672231761,22136621337,24305717542,25601765401,27137508657,21403167848,22322395368,35777570136,37879869898,43965420072,48122547177,48261033298,53860175556,58029750746,60681537196,62682163837,67179914027,71164825257,75704720190,79997975622
DZA,41764315330,46941582519,48177612042,48187747529,48640653469,54790392746,54744712815,56760355865,67863828413,85332581189,1.03E+11,1.17E+11,1.35E+11,1.71E+11,1.37E+11,1.61E+11,2.00E+11,2.09E+11,2.10E+11,2.14E+11,1.66E+11,1.60E+11,1.70E+11
EAP,1.32E+12,1.52E+12,1.57E+12,1.43E+12,1.58E+12,1.73E+12,1.85E+12,2.04E+12,2.31E+12,2.68E+12,3.11E+12,3.74E+12,4.73E+12,5.98E+12,6.48E+12,7.89E+12,9.65E+12,1.08E+13,1.19E+13,1.28E+13,1.33E+13,1.36E+13,1.49E+13
EAR,2.56E+12,2.79E+12,2.98E+12,2.94E+12,3.11E+12,3.39E+12,3.36E+12,3.26E+12,3.63E+12,4.23E+12,4.93E+12,5.64E+12,6.67E+12,7.52E+12,7.26E+12,8.80E+12,9.72E+12,1.02E+13,1.03E+13,1.07E+13,1.01E+13,1.05E+13,1.13E+13
EAS,8.41E+12,8.10E+12,7.74E+12,6.93E+12,7.74E+12,8.37E+12,7.79E+12,7.91E+12,8.70E+12,9.76E+12,1.04E+13,1.10E+13,1.23E+13,1.42E+13,1.46E+13,1.71E+13,1.98E+13,2.12E+13,2.14E+13,2.21E+13,2.20E+13,2.28E+13,2.43E+13
ECA,7.22E+11,7.29E+11,7.61E+11,7.06E+11,5.92E+11,6.63E+11,6.55E+11,7.51E+11,9.47E+11,1.26E+12,1.59E+12,1.95E+12,2.51E+12,3.11E+12,2.44E+12,2.95E+12,3.67E+12,3.91E+12,4.15E+12,3.85E+12,2.92E+12,2.78E+12,3.12E+12
ECS,1.09E+13,1.11E+13,1.05E+13,1.08E+13,1.07E+13,1.01E+13,1.02E+13,1.11E+13,1.35E+13,1.58E+13,1.68E+13,1.82E+13,2.12E+13,2.34E+13,2.05E+13,2.10E+13,2.33E+13,2.24E+13,2.35E+13,2.38E+13,2.05E+13,2.04E+13,2.17E+13
ECU,24432884442,25226393197,28162053027,27981896948,19645272636,18327764882,24468324000,28548945000,32432858000,36591661000,41507085000,46802044000,51007777000,61762635000,62519686000,69555367000,79276664000,87924544000,95129659000,1.02E+11,99290381000,99937696000,1.04E+11
EGY,60159245060,67629716981,78436578171,84828807556,90710704807,99838543960,96684636119,85146067416,80288461538,78782467532,89600665557,1.07E+11,1.30E+11,1.63E+11,1.89E+11,2.19E+11,2.36E+11,2.79E+11,2.88E+11,3.06E+11,3.29E+11,3.32E+11,2.36E+11
EMU,7.52E+12,7.60E+12,6.95E+12,7.15E+12,7.12E+12,6.50E+12,6.60E+12,7.20E+12,8.86E+12,1.02E+13,1.05E+13,1.12E+13,1.29E+13,1.42E+13,1.29E+13,1.26E+13,1.36E+13,1.26E+13,1.32E+13,1.35E+13,1.17E+13,1.20E+13,1.27E+13
ERI,578015625,693535954.2,686490090.1,745526154.9,688921325.7,706370815.6,752368495.5,729321366.7,870247703.2,1109054005,1098425901,1211161880,1317974491,1380188800,1856695551,1589515447,2065001626,,,,,,
ESP,6.15E+11,6.43E+11,5.90E+11,6.19E+11,6.35E+11,5.98E+11,6.28E+11,7.09E+11,9.07E+11,1.07E+12,1.15E+12,1.26E+12,1.47E+12,1.63E+12,1.49E+12,1.42E+12,1.48E+12,1.32E+12,1.36E+12,1.37E+12,1.20E+12,1.23E+12,1.31E+12
EST,4502970889,4786018988,5154420649,5674080543,5756912266,5686579748,6254649539,7367975888,9874013098,12145911801,14106790200,17022870405,22449129483,24341678629,19633031398,19523477326,23213994093,23019150071,25115753366,26634083965,22890762090,24072829277,26924385103
ETH,7663984568,8547939731,8589211390,7818224906,7700833482,8242392104,8231326016,7850809498,8623691300,10131187261,12401139454,15280861835,19707616773,27066912635,32437389116,29933790334,31952763089,43310721414,47648211133,55612228234,64589334979,74296618481,81770791971
EUU,8.30E+12,8.43E+12,7.73E+12,7.97E+12,7.93E+12,7.28E+12,7.39E+12,8.08E+12,9.93E+12,1.14E+13,1.19E+13,1.27E+13,1.47E+13,1.63E+13,1.48E+13,1.46E+13,1.58E+13,1.46E+13,1.53E+13,1.56E+13,1.36E+13,1.39E+13,1.48E+13
FCS,3.62E+11,3.74E+11,4.24E+11,4.20E+11,4.52E+11,5.26E+11,5.23E+11,5.15E+11,5.40E+11,6.81E+11,8.56E+11,1.06E+12,1.29E+12,1.64E+12,1.51E+12,1.79E+12,1.68E+12,1.89E+12,1.96E+12,2.08E+12,1.66E+12,1.56E+12,1.65E+12
FIN,1.34E+11,1.32E+11,1.27E+11,1.34E+11,1.35E+11,1.26E+11,1.30E+11,1.40E+11,1.72E+11,1.97E+11,2.05E+11,2.17E+11,2.56E+11,2.86E+11,2.53E+11,2.49E+11,2.76E+11,2.58E+11,2.71E+11,2.75E+11,2.35E+11,2.41E+11,2.56E+11
FJI,1970347721,2128696644,2090184941,1653160862,1936484565,1678239218,1652464201,1833279985,2300453634,2708078477,2980484920,3076305453,3378314600,3523185920,2870624636,3140181444,3779378134,3972012571,4189915667,4857220602,4682546881,4930204220,5353404419
FRA,1.60E+12,1.61E+12,1.45E+12,1.50E+12,1.49E+12,1.37E+12,1.38E+12,1.50E+12,1.84E+12,2.12E+12,2.20E+12,2.32E+12,2.66E+12,2.93E+12,2.70E+12,2.65E+12,2.87E+12,2.68E+12,2.81E+12,2.86E+12,2.44E+12,2.47E+12,2.60E+12
FRO,,,,1104748687,1127691293,1067115339,1160270582,1275095950,1501935425,1724758392,1759742534,2017673371,2339015743,2489888390,2296051036,2331786419,2505746270,2427190332,2690116269,2913995546,2573908649,2813286391,2980054219
FSM,221575300,218534700,206626300,218873100,220140500,233271800,240970900,242517200,245432900,240236000,250281900,253541900,256787200,263145100,280284600,296944100,311301600,327248700,317214400,319271200,316489900,332265200,366666800
GAB,4958845906,5694040337,5326816859,4483417120,4662992036,5080483464,5023265365,5335451308,6511903657,7770219480,9582783318,10327598801,12455410056,15571349776,12113699661,14372591916,18210308748,17170465294,17595745653,18203968002,14383107714,14023890620,14929488771
GBR,1.35E+12,1.42E+12,1.56E+12,1.66E+12,1.69E+12,1.67E+12,1.65E+12,1.79E+12,2.06E+12,2.42E+12,2.54E+12,2.71E+12,3.09E+12,2.93E+12,2.42E+12,2.49E+12,2.67E+12,2.71E+12,2.79E+12,3.07E+12,2.93E+12,2.70E+12,2.68E+12
GEO,2693768413,3095047604,3510520231,3613541517,2800049395,3057475335,3219488664,3395728014,3991284895,5125365192,6410823633,7745394293,10172882371,12795076469,10766836277,12243505583,15107441447,16488403076,17189551521,17627003455,14953950557,15141758567,16242916916
GHA,6465137615,6934984709,6891308594,7480968858,7719354839,4983024408,5314909954,6166330136,7632406553,8881368538,10744675210,20440893017,24827844950,28678701891,26048108185,32197272797,39337314810,41270954737,62823043706,54782847753,49406568433,56165172899,60406382899
GIB,,,,,,,,,,,,,,,,,,,,,,,
GIN,3693710533,3868968302,3783700462,3588375477,3461282543,2995361141,2829435957,2950198649,3446441698,3635458133,2937071767,4220019243,6281917656,6964179194,6716904569,6853467858,6785137173,7638045254,8376613843,8778473615,8794202444,8595955581,10324668267
GMB,785996982.5,848237108.6,803630742.5,840285264.6,814723460.1,782915402.4,687408804.6,578236035.1,487038821.6,961900106.9,1027702254,1054113427,1279704745,1561763437,1450140386,1543292393,1409694554,1415006238,1375608956,1229460602,1378176868,1484579844,1504909753
GNB,253966922.3,270419779.4,268550998.2,206457544.5,224446663.8,371095510,392621385.9,417806667.1,477458598.7,532062927.4,587029054.4,592365688.1,696910810.9,868154708.5,830126470,849878424.2,1099818652,989271229.6,1046087418,1054915645,1048229629,1179004941,1350177128
GNQ,141853368.3,232463036.4,442337849.5,370687618.7,621117885.7,1045998496,1461139022,1806742742,2484745935,4410764339,8217369093,10086528699,13071718759,19749893536,15027795173,16314442183,21357344847,22388345810,21948835350,21765454404,13185496836,11240809132,12200912828
GRC,1.37E+11,1.46E+11,1.43E+11,1.44E+11,1.43E+11,1.30E+11,1.36E+11,1.55E+11,2.02E+11,2.41E+11,2.48E+11,2.74E+11,3.19E+11,3.56E+11,3.31E+11,2.97E+11,2.83E+11,2.42E+11,2.39E+11,2.35E+11,1.96E+11,1.93E+11,2.00E+11
GRD,342172518.5,366911444.4,392190592.6,445903592.6,482009370.4,520044370.4,520444185.2,540336925.9,591018407.4,599118592.6,695555555.6,698700666.7,758683592.6,825976037,771275555.6,771013259.3,778655925.9,799882259.3,842620111.1,911500000,997007407.4,1061640741,1125681481
GRL,1208946166,1197509787,1072147778,1149862703,1131561595,1068030830,1086172923,1169138789,1558753434,1822486689,1849805733,2013099482,2249811709,2499107511,2529948330,2503156061,2684467376,2609667674,2684952727,2842048998,2499115623,2707146783,2851610656
GTM,14655404433,15674835615,17790026222,19395491993,18318412251,19288827159,18405203853,20444205991,21576351799,23577286227,26783543667,29744368111,33567868323,38503862831,37125943565,40676432029,46876114650,49593961142,52996540704,57852399964,62186186576,66053725049,71654134379
GUM,,,,,,,,3394000000,3569000000,3869000000,4213000000,4238000000,4397000000,4658000000,4828000000,4949000000,4984000000,5265000000,5399000000,5610000000,5799000000,5901000000,6013000000
GUY,621626785.9,705406001.4,749138009.6,717530683.2,694754988.3,712667896.7,712167575.6,726131434.7,743064076.8,787814379.2,824880550.3,2379818383,2730971150,3025187924,3165663153,3432913073,3691384318,4063089192,4167800259,4127659492,4279840194,4482697337,4748174334
HIC,2.60E+13,2.62E+13,2.58E+13,2.59E+13,2.72E+13,2.78E+13,2.75E+13,2.87E+13,3.21E+13,3.58E+13,3.78E+13,4.00E+13,4.38E+13,4.66E+13,4.37E+13,4.58E+13,4.94E+13,4.94E+13,5.00E+13,5.11E+13,4.82E+13,4.93E+13,5.15E+13
HKG,1.45E+11,1.60E+11,1.77E+11,1.69E+11,1.66E+11,1.72E+11,1.69E+11,1.66E+11,1.61E+11,1.69E+11,1.82E+11,1.94E+11,2.12E+11,2.19E+11,2.14E+11,2.29E+11,2.49E+11,2.63E+11,2.76E+11,2.91E+11,3.09E+11,3.21E+11,3.41E+11
HND,5347445005,5215028986,5737099650,6366340266,6414520530,7186650135,7651174661,7858235333,8230387552,8869311411,9757034457,10917481688,12361257681,13881701034,14587496229,15839344592,17710315006,18528601901,18499710128,19756494435,20979767785,21717622071,23136232230
HPC,1.35E+11,1.47E+11,1.53E+11,1.62E+11,1.62E+11,1.76E+11,1.71E+11,1.84E+11,2.09E+11,2.41E+11,2.77E+11,3.26E+11,3.91E+11,4.65E+11,4.70E+11,5.20E+11,5.83E+11,6.04E+11,6.73E+11,7.15E+11,6.93E+11,7.28E+11,8.08E+11
HRV,22643720763,24004834104,24029651137,25732125032,23628947415,21807856145,23259567778,27085262279,35022903387,42013459302,45835098188,50915016294,60641942979,70943300079,63324394634,60672093865,63408294943,57369359295,59032066092,58423981441,50242783066,52397494687,56323836170
HTI,2813313279,2907514523,3338938830,3723909227,4153736347,6813577558,6331961555,6058134467,4826827577,6036959915,7184064657,7518107787,9522763154,10485225353,11597014807,11859315079,13008754111,13708926466,14902474091,15139264670,14833154472,13987693739,15035560373
HUN,46425677734,46658755152,47296952929,48706787306,49073380174,47218405892,53749989092,67608919144,85285062818,1.04E+11,1.13E+11,1.16E+11,1.40E+11,1.58E+11,1.31E+11,1.32E+11,1.42E+11,1.29E+11,1.36E+11,1.41E+11,1.25E+11,1.29E+11,1.43E+11
IBD,4.91E+12,5.36E+12,5.69E+12,5.52E+12,5.38E+12,5.85E+12,5.92E+12,6.01E+12,6.76E+12,8.06E+12,9.63E+12,1.14E+13,1.42E+13,1.70E+13,1.65E+13,2.01E+13,2.38E+13,2.53E+13,2.67E+13,2.76E+13,2.59E+13,2.61E+13,2.88E+13
IBT,5.30E+12,5.80E+12,6.15E+12,5.99E+12,5.86E+12,6.39E+12,6.46E+12,6.59E+12,7.40E+12,8.81E+12,1.05E+13,1.25E+13,1.54E+13,1.85E+13,1.80E+13,2.18E+13,2.55E+13,2.71E+13,2.86E+13,2.97E+13,2.79E+13,2.82E+13,3.10E+13
IDA,3.91E+11,4.40E+11,4.58E+11,4.67E+11,4.82E+11,5.35E+11,5.37E+11,5.78E+11,6.43E+11,7.57E+11,8.85E+11,1.06E+12,1.24E+12,1.48E+12,1.47E+12,1.69E+12,1.71E+12,1.80E+12,1.96E+12,2.11E+12,2.06E+12,2.11E+12,2.20E+12
IDB,1.56E+11,1.72E+11,1.76E+11,1.74E+11,1.82E+11,2.07E+11,2.05E+11,2.28E+11,2.56E+11,3.12E+11,3.73E+11,4.69E+11,5.41E+11,6.40E+11,6.07E+11,7.15E+11,8.24E+11,9.09E+11,9.89E+11,1.08E+12,1.02E+12,9.77E+11,9.60E+11
IDN,2.02E+11,2.27E+11,2.16E+11,95445547873,1.40E+11,1.65E+11,1.60E+11,1.96E+11,2.35E+11,2.57E+11,2.86E+11,3.65E+11,4.32E+11,5.10E+11,5.40E+11,7.55E+11,8.93E+11,9.18E+11,9.13E+11,8.91E+11,8.61E+11,9.32E+11,1.02E+12
IDX,2.35E+11,2.68E+11,2.83E+11,2.94E+11,3.01E+11,3.30E+11,3.33E+11,3.51E+11,3.88E+11,4.46E+11,5.13E+11,5.90E+11,6.98E+11,8.38E+11,8.63E+11,9.72E+11,8.85E+11,8.90E+11,9.66E+11,1.03E+12,1.04E+12,1.13E+12,1.24E+12
IMN,914762873.7,1023005863,1180968165,1382605389,1567402514,1563667800,1659131244,1947332922,2328658228,2822358473,3032400000,3422651334,4466100440,5928420956,5487083658,5920177689,6566098382,6690725118,7000748788,7708834951,7085288006,6846691871,6979581725
IND,3.60E+11,3.93E+11,4.16E+11,4.21E+11,4.59E+11,4.68E+11,4.85E+11,5.15E+11,6.08E+11,7.09E+11,8.20E+11,9.40E+11,1.22E+12,1.20E+12,1.34E+12,1.68E+12,1.82E+12,1.83E+12,1.86E+12,2.04E+12,2.10E+12,2.29E+12,2.65E+12
INX,,,,,,,,,,,,,,,,,,,,,,,
IRL,69139823232,75790786290,82856648758,90199410116,98893958263,1.00E+11,1.09E+11,1.29E+11,1.65E+11,1.94E+11,2.12E+11,2.32E+11,2.70E+11,2.75E+11,2.36E+11,2.22E+11,2.39E+11,2.26E+11,2.38E+11,2.59E+11,2.92E+11,2.99E+11,3.36E+11
IRN,96419225744,1.20E+11,1.14E+11,1.10E+11,1.14E+11,1.10E+11,1.27E+11,1.29E+11,1.54E+11,1.90E+11,2.26E+11,2.66E+11,3.50E+11,4.12E+11,4.16E+11,4.87E+11,6.26E+11,6.44E+11,4.93E+11,4.60E+11,4.08E+11,4.58E+11,4.87E+11
IRQ,12894029888,10433698621,20764857056,20617405044,36881601584,48364250944,36176430129,32928454672,21921569479,36627901762,49954890353,65140147197,88837055195,1.32E+11,1.12E+11,1.39E+11,1.86E+11,2.18E+11,2.35E+11,2.28E+11,1.67E+11,1.67E+11,1.87E+11
ISL,7123633418,7426082271,7569672925,8503693099,8982047589,9025660362,8234846805,9318395055,11429333038,13825302536,16852963067,17465318552,21652505597,18074622987,13154414219,13751161918,15221622926,14751508134,16125060515,17867662178,17517210519,20793168031,24728285177
ISR,1.05E+11,1.15E+11,1.19E+11,1.20E+11,1.21E+11,1.36E+11,1.35E+11,1.25E+11,1.31E+11,1.40E+11,1.47E+11,1.59E+11,1.84E+11,2.21E+11,2.12E+11,2.38E+11,2.67E+11,2.62E+11,2.98E+11,3.14E+11,3.03E+11,3.22E+11,3.58E+11
ITA,1.17E+12,1.31E+12,1.24E+12,1.27E+12,1.25E+12,1.15E+12,1.17E+12,1.28E+12,1.58E+12,1.81E+12,1.86E+12,1.95E+12,2.21E+12,2.41E+12,2.20E+12,2.14E+12,2.29E+12,2.09E+12,2.14E+12,2.16E+12,1.84E+12,1.88E+12,1.96E+12
JAM,6577523825,7393883555,8400033894,8787195622,8887061867,9005064475,9194717836,9719017926,9430230564,10174664854,11243868486,11930171468,12799593018,13709402085,12120460873,13220556883,14444655300,14807086889,14264202737,13899228824,14188935948,14077109397,14808989993
JOR,6727597032,6927503526,7245839210,7912270804,8149929478,8460789845,8975599436,9582510578,10195627645,11411706629,12588998590,15056981664,17110437236,22657662395,24537876124,27133804244,29524149165,31634561670,34454440181,36847643587,38587017944,39892551149,41608435922
JPN,5.55E+12,4.92E+12,4.49E+12,4.10E+12,4.64E+12,4.97E+12,4.37E+12,4.18E+12,4.52E+12,4.89E+12,4.83E+12,4.60E+12,4.58E+12,5.11E+12,5.29E+12,5.76E+12,6.23E+12,6.27E+12,5.21E+12,4.90E+12,4.44E+12,5.00E+12,4.93E+12
KAZ,20374302652,21035368251,22165932063,22135254836,16870821840,18291994909,22152694162,24636593223,30833699703,43151647003,57123671734,81003884545,1.05E+11,1.33E+11,1.15E+11,1.48E+11,1.93E+11,2.08E+11,2.37E+11,2.21E+11,1.84E+11,1.37E+11,1.67E+11
KEN,9046326060,12045858436,13115773738,14093998844,12896013577,12705357103,12986007426,13147743911,14904517650,16095337094,18737897745,25825524821,31958195182,35895153328,42347217913,45405587557,46869457318,56396706006,61671425370,68285768554,70120413329,74815121315,82035800868
KGZ,1661018519,1827570586,1767864036,1645963750,1249061487,1369688498,1525116370,1605643105,1919008090,2211534585,2460248026,2834168889,3802566171,5139957785,4690062255,4794357795,6197766119,6605139933,7335027592,7468096567,6678178340,6813092066,7702934800
KHM,3441205693,3506695720,3443413389,3120425503,3517242477,3654031716,3984000517,4284028483,4658246918,5337833248,6293046162,7274595707,8639235842,10351914093,10401851851,11242275199,12829541141,14054443213,15227991395,16702610842,18049954289,20016747754,22177200512
KIR,56338028.17,66515376.79,67537479.59,65334841.06,69032258.06,67254174.4,63101272.37,72196457.68,90231856.8,102367039.3,112133944.3,110234939.8,132671743,141042610.3,132419903.3,155299761.5,180665807.1,189630151.2,184550782,177862267.9,170291037.5,178509812.7,188192060.1
KNA,313485185.2,333944444.4,374641308,383257331.4,406595484.4,421695769.8,458643829,481077373.7,469869869.9,506900000,547203703.7,644414814.8,689285185.2,777691333.3,774273111.1,778718111.1,836092407.4,826231629.6,875376407.4,953174074.1,957040740.7,1008100000,1058937037
KOR,5.67E+11,6.10E+11,5.70E+11,3.83E+11,4.98E+11,5.76E+11,5.48E+11,6.27E+11,7.03E+11,7.93E+11,9.35E+11,1.05E+12,1.17E+12,1.05E+12,9.44E+11,1.14E+12,1.25E+12,1.28E+12,1.37E+12,1.48E+12,1.47E+12,1.50E+12,1.62E+12
KWT,27191353887,31493319973,30355093966,25939960630,30123850197,37712842243,34887512227,38137545245,47876510067,59439090601,80798630137,1.02E+11,1.15E+11,1.47E+11,1.06E+11,1.15E+11,1.54E+11,1.74E+11,1.74E+11,1.63E+11,1.15E+11,1.09E+11,1.21E+11
LAC,1.68E+12,1.83E+12,2.00E+12,2.01E+12,1.78E+12,1.97E+12,1.91E+12,1.72E+12,1.76E+12,2.01E+12,2.43E+12,2.84E+12,3.36E+12,3.88E+12,3.61E+12,4.51E+12,5.28E+12,5.25E+12,5.39E+12,5.41E+12,4.60E+12,4.47E+12,4.99E+12
LAO,1763536305,1873671550,1747011857,1280177839,1454430642,1731198022,1768619058,1758176653,2023324407,2366398120,2735558726,3455031448,4223152219,5446434032,5836138127,7131773633,8750107402,10192848926,11983252611,13279248479,14426381187,15912495369,17071162084
LBN,11718795528,13690217333,15751867489,17247179006,17391056369,17260364842,17649751244,19152238806,20082918740,21159827992,21497336499,22022709852,24827355015,29118916106,35399582929,38443907042,39927125961,44016799516,46880103081,48095213746,49929337837,51147308774,53027680686
LBR,,,,,,874000000,906000000,927000000,748000000,897000000,949000000,1119000000,1373000000,1726000000,1768000000,1998000000,2398000000,2791614000,3177198100,3225652000,3227075700,3398419600,3390703400
LBY,25544128199,27884615385,30698633109,27249786142,35976714101,38270206950,34110064452,20481889764,26265625000,33122307692,47334148578,60092950670,68035403136,86708074534,60810211408,75380170508,48167374612,92538004280,75350633011,57372445772,48717854040,49910960875,67158415842
LCA,762962963,788888888.9,805925925.9,877407407.4,921851851.9,932592592.6,892592592.6,900000000,987407407.4,1066666667,1135555556,1268319185,1336088815,1437731111,1401507889,1486758037,1576988407,1605146778,1664816741,1749289303,1807227215,1865459670,1996710563
LCN,1.92E+12,2.08E+12,2.28E+12,2.30E+12,2.08E+12,2.29E+12,2.24E+12,2.01E+12,2.06E+12,2.37E+12,2.86E+12,3.35E+12,3.95E+12,4.59E+12,4.31E+12,5.35E+12,6.09E+12,6.15E+12,6.30E+12,6.43E+12,5.37E+12,5.25E+12,5.83E+12
LDC,1.56E+11,1.72E+11,1.81E+11,1.84E+11,1.89E+11,2.17E+11,2.12E+11,2.30E+11,2.58E+11,2.99E+11,3.53E+11,4.09E+11,4.91E+11,6.00E+11,6.04E+11,6.86E+11,7.96E+11,8.37E+11,9.12E+11,9.81E+11,9.49E+11,9.97E+11,1.11E+12
LIC,93820243241,96098820591,1.01E+11,98684040010,97973194738,1.17E+11,1.11E+11,1.19E+11,1.32E+11,1.54E+11,1.83E+11,2.14E+11,2.62E+11,3.09E+11,3.20E+11,3.57E+11,3.97E+11,4.05E+11,4.39E+11,4.69E+11,4.67E+11,4.90E+11,5.49E+11
LIE,2428461395,2504033252,2298410391,2479721341,2664026095,2483953103,2491822707,2688630823,3070691320,3454362686,3659251526,4000239273,4601299567,5081432924,4504549214,5082366478,5739977477,5456009385,6391735894,6657170923,6268391521,6237264055,6474256119
LKA,13029697561,13897738375,15091913884,15794972847,15656327860,16330814180,15749753805,16536535647,18881765437,20662525941,24405791045,28279814925,32350248411,40713812310,42066217872,58636150710,67753288946,70447191496,77000596661,82528526230,85140963537,88012262257,94376246467
LMC,1.28E+12,1.43E+12,1.47E+12,1.34E+12,1.45E+12,1.52E+12,1.55E+12,1.66E+12,1.91E+12,2.21E+12,2.56E+12,3.04E+12,3.73E+12,4.22E+12,4.30E+12,5.25E+12,6.04E+12,6.34E+12,6.45E+12,6.72E+12,6.55E+12,6.90E+12,7.41E+12
LMY,4.95E+12,5.43E+12,5.75E+12,5.56E+12,5.45E+12,5.95E+12,6.01E+12,6.16E+12,6.94E+12,8.23E+12,9.80E+12,1.16E+13,1.44E+13,1.72E+13,1.68E+13,2.05E+13,2.41E+13,2.57E+13,2.72E+13,2.81E+13,2.67E+13,2.69E+13,2.96E+13
LSO,1001889857,946123275.9,997996028.6,928458206,912771290.6,887295267.9,825706961.2,775780697.7,1157832935,1511236656,1682350935,1800105590,1682016947,1766825413,1740830511,2234731974,2579421686,2477702253,2367113170,2441053176,2359759799,2114428033,2306741845
LTE,3.02E+12,3.33E+12,3.49E+12,3.36E+12,3.10E+12,3.41E+12,3.52E+12,3.73E+12,4.25E+12,5.11E+12,6.17E+12,7.44E+12,9.37E+12,1.17E+13,1.13E+13,1.35E+13,1.65E+13,1.77E+13,1.90E+13,1.98E+13,1.85E+13,1.86E+13,2.06E+13
LTU,7867140395,8382519637,10118631852,11239547691,10971583945,11524776867,12237388002,14259781159,18781721376,22627507452,26097677572,30183575104,39697891352,47797551588,37388122046,37128694028,43535051482,42927454291,46523420074,48533659592,41435533340,43047309306,47758736932
LUX,20853093870,20895314658,19563836265,20150053345,21899317599,21230182989,21387533703,23649833332,29667268248,35064843793,37672280120,42910146296,51587401416,58844277702,54467289898,56213985987,61696281326,59776383527,65203276467,68804811898,60071584216,62216885436,65712180343
LVA,5789128637,5975248851,6527926446,7166275468,7533788134,7958852839,8362398702,9557031605,11771975157,14435700533,17003459863,21570076499,31054350978,35854274229,26410909091,23956163077,27474380566,28169902669,30204783462,31386896487,27263090547,28083597512,30483806018
MAC,7046110595,7176892950,7267563603,6797764075,6547629475,6774193548,6860272608,7371723056,8246521717,10643215078,12160002996,14874147024,18439876056,21027044551,21587740942,28241858489,36845925519,43189526778,51536304808,54903031138,45047964934,45070605746,50440941939
MAF,,,,,,,,,,,,,,,,,775890868.6,,,772950710.8,,,
MAR,39030285468,43161452678,39147844526,41806219379,41632027600,38857251336,39459581217,42236836821,52064058834,59626020162,62343022651,68640825481,79041294874,92507257784,92897320376,93216746662,1.01E+11,98266306615,1.07E+11,1.19E+11,1.10E+11,1.12E+11,1.19E+11
MCO,3130462610,3137673291,2840175545,2934498443,2906093757,2647885849,2718868306,2968987019,3601321065,4137913500,4203084194,4582988333,5867916781,6476490406,5451653237,5367625613,6088808463,5743029680,6555983530,7069616049,6261622101,6472990923,6431314957
MDA,1752979926,1695122174,1930081169,1698717505,1170782957,1288429392,1480673594,1661818168,1980907435,2598249556,2988348836,3408244549,4401189466,6054849885,5439422031,6974982393,8414351672,8709138765,9496717702,9510198962,7745241913,8071469355,9669741744
MDG,3838101052,4931861239,4262965282,4401967499,4277903780,4629247091,5438332738,5351701534,6372498720,5064732716,5859269849,6395712392,8524620739,10725137931,9616879571,9982711338,11551819618,11578974888,12423555269,12522957228,11323020829,11848613735,13176313594
MDV,398988955,450382328,508223602.4,540096397.6,589239753.6,624337145.3,870030468.6,897031250,1052121055,1226829563,1163362438,1575200391,1868383461,2271646188,2345294875,2588176055,2774351760,2886170572,3295011382,3697351597,4109424800,4379136462,4754175869
MEA,7.44E+11,8.40E+11,8.84E+11,8.64E+11,9.38E+11,1.05E+12,1.05E+12,1.04E+12,1.15E+12,1.36E+12,1.64E+12,1.92E+12,2.26E+12,2.82E+12,2.55E+12,2.98E+12,3.35E+12,3.63E+12,3.57E+12,3.59E+12,3.16E+12,3.19E+12,3.31E+12
MEX,3.60E+11,4.11E+11,5.00E+11,5.27E+11,6.00E+11,7.08E+11,7.57E+11,7.72E+11,7.29E+11,7.82E+11,8.77E+11,9.75E+11,1.05E+12,1.11E+12,9.00E+11,1.06E+12,1.18E+12,1.20E+12,1.27E+12,1.32E+12,1.17E+12,1.08E+12,1.16E+12
MHL,120230000,110858000,110705600,112279400,114326300,115347500,122824000,131738200,131398500,132934600,137666300,142745200,149870000,145969100,150624900,160318500,171567100,179855800,185468000,185172900,182997300,200716000,212701200
MIC,4.82E+12,5.28E+12,5.59E+12,5.40E+12,5.29E+12,5.77E+12,5.82E+12,5.96E+12,6.72E+12,7.98E+12,9.50E+12,1.13E+13,1.39E+13,1.67E+13,1.63E+13,1.99E+13,2.37E+13,2.53E+13,2.68E+13,2.77E+13,2.62E+13,2.64E+13,2.91E+13
MKD,4707036096,4642018354,3912986091,3765747305,3863621186,3772857145,3709637830,4018365247,4946292775,5682788267,6258600714,6861222332,8336478142,9909548411,9401731496,9407168702,10494632699,9745251126,10817712139,11362272838,10064515432,10672471861,11307058382
MLI,2706425158,2780422048,2697105822,2920358713,3440724708,2961484954,3468337909,3908121459,4714072191,5454249457,6247515450,6905934548,8156469133,9838404005,10231962891,10689167195,12995113407,12442036265,13242691430,14364937997,13104764334,14026048691,15365711725
MLT,3461332685,3585755121,3722389056,3958227428,4155187258,4323339212,4355146428,4693495693,5489359281,6116591928,6407287651,6778321415,7925403778,9090376446,8696304529,9035927350,9638919822,9462289606,10551600478,11626278730,11091423499,11668253265,13489380931
MMR,4879257848,5759624742,5633070603,4613071495,5643818689,6849321646,6220270632,6110632858,7754647428,9390855298,10588433069,11863016315,15591182545,23013015832,29455165595,37796052939,54118601975,58318677645,60572257122,63264892768,63045305229,60291736894,61449392056
MNA,3.71E+11,4.28E+11,4.52E+11,4.61E+11,5.02E+11,5.32E+11,5.38E+11,5.23E+11,5.72E+11,6.79E+11,8.02E+11,9.35E+11,1.14E+12,1.41E+12,1.37E+12,1.58E+12,1.63E+12,1.76E+12,1.62E+12,1.60E+12,1.44E+12,1.48E+12,1.46E+12
MNE,,,,,,984297589.4,1159869246,1284685051,1707710053,2073234418,2257174481,2721903149,3680711744,4545674528,4159330370,4143033276,4544516982,4087725813,4466039315,4594024180,4054712083,4377033429,4856632399
MNG,1452165005,1345719472,1180934203,1124440249,1057408589,1136896124,1267997934,1396555720,1595297356,1992066808,2523471532,3414055566,4234999823,5623216449,4583850368,7189481824,10409797649,12292770631,12582122604,12226514722,11619892396,11181350461,11480847745
MNP,,,,,,,,1284000000,1239000000,1210000000,1061000000,990000000,938000000,939000000,795000000,799000000,729000000,746000000,772000000,832000000,910000000,1230000000,1560000000
MOZ,2899922842,3856799844,4648832184,5263877520,5976408044,5656473652,5398568544,5677003239,6303391144,7631120533,8542070110,9176889070,10450843291,12556195189,11914471497,11104648673,14381552433,16350804543,16974320551,17716084108,15950969019,11936999283,13219084261
MRT,2091731421,2132081882,2072001067,2032345832,1985924387,1779523344,1746064719,1777058593,2051147607,2362501023,2936019526,3919577286,4346206809,5206444407,4714592493,5628882266,6764635687,6728208836,7223063170,6592537782,6166857629,6398738829,6800141922
MUS,4040345933,4421943910,4187367602,4169664285,4343710333,4663313620,4613630623,4841310240,5816553827,6578844486,6488750453,7028803366,8150138757,9990370016,9128843109,10003670690,11518393367,11668685524,12292957324,13074137210,12007291046,12594149441,13713509312
MWI,1397457932,2281034131,2663234934,1750584265,1775921718,1743506531,1716502862,3495748398,3208837077,3476094499,3655909664,3998020177,4432937046,5321012192,6191127665,6959655571,8004000737,6028487929,5518880769,6047813437,6373212641,5433040160,8943543677
MYS,88705342903,1.01E+11,1.00E+11,72167498981,79148421053,93789736842,92783947368,1.01E+11,1.10E+11,1.25E+11,1.44E+11,1.63E+11,1.94E+11,2.31E+11,2.02E+11,2.55E+11,2.98E+11,3.14E+11,3.23E+11,3.38E+11,3.01E+11,3.01E+11,3.19E+11
NAC,8.25E+12,8.70E+12,9.24E+12,9.70E+12,1.03E+13,1.10E+13,1.13E+13,1.17E+13,1.24E+13,1.32E+13,1.42E+13,1.51E+13,1.59E+13,1.63E+13,1.59E+13,1.67E+13,1.74E+13,1.81E+13,1.87E+13,1.94E+13,1.98E+13,2.02E+13,2.11E+13
NAM,3978497753,3989208662,4154955686,3873098656,3868541599,3922247990,3557333364,3349184760,4926471294,6609198833,7248394160,8001779551,8839526452,8607475308,8938868165,11431334447,12523402329,13042007432,12043276401,12435416063,11335179561,10721994676,12895153157
NCL,3628441984,3606968707,3291130072,3556305297,3647802506,3420033047,3297734668,3740057133,4915355784,5895011252,6238632284,6979153332,8819922042,9067623001,8704436169,9364347372,10351442209,9659153061,10151385306,10635039739,8738205837,8724570250,9173668102
NER,2302537682,2405687081,2290318800,2643363407,2537790023,2241753120,2448714681,2782192987,3394084885,3760443966,4383315657,4756361480,5731485267,7297600897,7352131669,7851191899,8772951262,9426913349,10224897935,10862944204,9683867894,10398862245,11185102400
NGA,44062465800,51075815093,54457835193,54604050168,59372613486,69448756933,72797282065,95054094655,1.05E+11,1.36E+11,1.76E+11,2.38E+11,2.78E+11,3.39E+11,2.95E+11,3.67E+11,4.14E+11,4.64E+11,5.20E+11,5.74E+11,4.93E+11,4.05E+11,3.76E+11
NIC,4140470000,4308351903,4389965591,4635267225,4855717875,5107329007,5323146566,5224213018,5322454926,5795568205,6321335612,6763361733,7423313549,8496946608,8298679909,8758639096,9774307336,10532006608,10982979274,11880434071,12756706583,13286083645,13785909906
NLD,4.52E+11,4.50E+11,4.17E+11,4.38E+11,4.47E+11,4.17E+11,4.32E+11,4.74E+11,5.80E+11,6.58E+11,6.85E+11,7.34E+11,8.49E+11,9.52E+11,8.72E+11,8.47E+11,9.05E+11,8.39E+11,8.77E+11,8.92E+11,7.66E+11,7.84E+11,8.34E+11
NOR,1.52E+11,1.64E+11,1.61E+11,1.54E+11,1.62E+11,1.71E+11,1.74E+11,1.96E+11,2.29E+11,2.65E+11,3.09E+11,3.46E+11,4.01E+11,4.62E+11,3.86E+11,4.29E+11,4.98E+11,5.10E+11,5.23E+11,4.98E+11,3.86E+11,3.69E+11,3.98E+11
NPL,4401104418,4521580381,4918691917,4856255044,5033642384,5494252208,6007055042,6050875807,6330473097,7273938315,8130258041,9043715356,10325618017,12545438605,12854985464,16002656434,21573862467,21703106502,22162208956,22731602970,24360795411,24524098185,28971589213
NRU,,,,,,,,,,,,,,,,47564520.39,66055407.67,96927201.48,98491843.64,104654365.2,86529661.37,99723394.96,109359680.2
NZL,63918703507,70140835299,66075143415,56227169851,58762260626,52623281957,53872425917,66627729311,88250885550,1.04E+11,1.15E+11,1.12E+11,1.37E+11,1.33E+11,1.21E+11,1.47E+11,1.68E+11,1.76E+11,1.91E+11,2.01E+11,1.78E+11,1.89E+11,2.07E+11
OED,2.57E+13,2.59E+13,2.55E+13,2.57E+13,2.70E+13,2.76E+13,2.74E+13,2.86E+13,3.20E+13,3.56E+13,3.76E+13,3.97E+13,4.34E+13,4.61E+13,4.31E+13,4.53E+13,4.87E+13,4.86E+13,4.93E+13,5.03E+13,4.74E+13,4.83E+13,5.04E+13
OMN,13802600780,15277763329,15837451235,13996914694,15593456177,19507452536,19452000520,20142756047,21633708192,24763712874,31081991678,37215779714,42085379454,60905452536,48388363589,64993498049,77497529259,87408842653,89936020806,92699089727,78710793238,75128738622,80856697009
OSS,69962386937,73747155533,76786038806,75234925765,80979494559,91663295703,91209914483,98336893843,1.22E+11,1.52E+11,1.84E+11,2.16E+11,2.64E+11,3.23E+11,2.77E+11,3.22E+11,3.97E+11,4.14E+11,4.32E+11,4.46E+11,3.70E+11,3.66E+11,3.99E+11
PAK,60636022423,63320122807,62433300338,62191955814,62973855719,82017743416,79484403985,79904985385,91760542940,1.08E+11,1.20E+11,1.37E+11,1.52E+11,1.70E+11,1.68E+11,1.77E+11,2.14E+11,2.24E+11,2.31E+11,2.44E+11,2.71E+11,3.14E+11,3.39E+11
PAN,9573813700,9870494000,10677286100,11575486400,12130252200,12304115000,12502013400,12994310400,13693981200,15013381700,16374393900,18141666300,21295984200,25155888600,27116635600,29440287600,34686224300,40429700000,45599900000,49921400000,54091800000,57907700000,62202700000
PER,53312793687,55252414130,58147522523,55501467877,50187324568,51744749133,52030158775,54777553515,58731030122,66768703498,76060606061,88643193062,1.02E+11,1.21E+11,1.21E+11,1.48E+11,1.72E+11,1.93E+11,2.01E+11,2.01E+11,1.90E+11,1.92E+11,2.11E+11
PHL,84644220101,94648084429,94106183450,74492325248,85640133800,83669693589,78921234458,84307291974,87039145965,95002028505,1.07E+11,1.28E+11,1.56E+11,1.82E+11,1.76E+11,2.08E+11,2.34E+11,2.62E+11,2.84E+11,2.97E+11,3.06E+11,3.19E+11,3.28E+11
PLW,,,,,,146297500,156907900,163184900,153963200,165186200,190452900,192382400,198897700,198283900,187522800,185943000,196911100,212397800,221117200,241669800,280457700,298300000,285600000
PNG,4636057476,5155311077,4936615299,3789443015,3477038204,3521339699,3081024212,2999511040,3536411824,3927157867,4865892972,8355006707,9545177014,11670840932,11619637799,14250755231,17984910502,21295659244,21261432791,23210682538,21723531173,20759069103,22742613554
POL,1.42E+11,1.60E+11,1.59E+11,1.75E+11,1.70E+11,1.72E+11,1.91E+11,1.99E+11,2.18E+11,2.55E+11,3.06E+11,3.45E+11,4.29E+11,5.34E+11,4.40E+11,4.76E+11,5.24E+11,4.95E+11,5.16E+11,5.39E+11,4.77E+11,4.70E+11,5.25E+11
PRE,1.74E+11,1.93E+11,2.12E+11,2.19E+11,2.39E+11,2.77E+11,2.64E+11,3.03E+11,3.30E+11,4.12E+11,5.14E+11,6.50E+11,7.87E+11,9.82E+11,8.98E+11,1.06E+12,1.23E+12,1.34E+12,1.47E+12,1.56E+12,1.33E+12,1.22E+12,1.30E+12
PRI,42647331000,45340835000,48187039000,54086400000,57841000000,61701800000,69208400000,71623500000,74827400000,80322313000,83914521300,87276164400,89524131600,93639300000,96385600000,98381300000,1.00E+11,1.02E+11,1.02E+11,1.02E+11,1.03E+11,1.04E+11,1.03E+11
PRK,,,,,,,,,,,,,,,,,,,,,,,
PRT,1.18E+11,1.23E+11,1.17E+11,1.24E+11,1.27E+11,1.19E+11,1.22E+11,1.35E+11,1.65E+11,1.89E+11,1.97E+11,2.09E+11,2.40E+11,2.63E+11,2.45E+11,2.38E+11,2.45E+11,2.16E+11,2.26E+11,2.30E+11,1.99E+11,2.06E+11,2.21E+11
PRY,9062131475,9788391781,9965225678,9260481572,8837070236,8855705140,8495806432,7196260657,7691367471,9624440836,10737500188,13429430050,17856393235,24615267664,22355151162,27260886405,33756238767,33271921136,38501122141,40377929296,36211447840,36089700223,38997129474
PSE,3282800000,3409600000,3759800000,4067800000,4271200000,4313600000,4003700000,3555800000,3968000000,4603100000,5125700000,5348300000,5815700000,7310400000,8085700000,9681500000,11186100000,12208400000,13515500000,13989700000,13972400000,15405400000,16128000000
PSS,3716954082,3978852602,3985854833,3413075024,3750945495,3435682182,3389384293,3558833327,4239147582,4877984934,5419206980,5688861876,6273720832,6704430279,6031363161,6634292997,7737745797,8194344980,8527969870,9269083213,9056069036,9506189696,10256217497
PST,2.50E+13,2.51E+13,2.46E+13,2.47E+13,2.59E+13,2.64E+13,2.61E+13,2.73E+13,3.06E+13,3.40E+13,3.57E+13,3.76E+13,4.10E+13,4.35E+13,4.09E+13,4.27E+13,4.58E+13,4.58E+13,4.62E+13,4.71E+13,4.46E+13,4.56E+13,4.75E+13
PYF,4186995956,4166073143,3762857711,3903187102,3911602493,3599846539,3573808315,3965405961,4927782568,5564112128,5705054692,5877996248,6631160061,7136743973,6584556512,6086643040,6203936563,5692858773,6031828532,6151998958,5325848045,5497037293,5833351478
QAT,8137911978,9059340385,11297802115,10255495027,12393131868,17759890110,17538461538,19363736264,23533791209,31734065934,44530494505,60882142857,79712087912,1.15E+11,97798351648,1.25E+11,1.68E+11,1.87E+11,1.99E+11,2.06E+11,1.62E+11,1.52E+11,1.61E+11
ROU,37435317265,36937074278,35574916295,41694118973,35952781582,37253259017,40394824679,46066101951,57806506024,74972669057,98452791983,1.22E+11,1.75E+11,2.14E+11,1.74E+11,1.70E+11,1.93E+11,1.79E+11,1.90E+11,2.00E+11,1.78E+11,1.85E+11,2.10E+11
RUS,3.96E+11,3.92E+11,4.05E+11,2.71E+11,1.96E+11,2.60E+11,3.07E+11,3.45E+11,4.30E+11,5.91E+11,7.64E+11,9.90E+11,1.30E+12,1.66E+12,1.22E+12,1.52E+12,2.05E+12,2.21E+12,2.29E+12,2.06E+12,1.36E+12,1.28E+12,1.57E+12
RWA,1293535011,1382334879,1851558302,1989343495,2155707325,2067579822,1965500949,1964832512,2137156727,2375376873,2932340855,3318107347,4068224991,5177230923,5671592572,6121529488,6881379762,7650671477,7815975294,8234762201,8539424910,8690878328,9252834120
SAS,4.80E+11,5.25E+11,5.51E+11,5.58E+11,5.98E+11,6.30E+11,6.46E+11,6.77E+11,7.91E+11,9.17E+11,1.05E+12,1.20E+12,1.50E+12,1.53E+12,1.68E+12,2.06E+12,2.28E+12,2.30E+12,2.36E+12,2.59E+12,2.70E+12,3.01E+12,3.43E+12
SAU,1.43E+11,1.59E+11,1.66E+11,1.47E+11,1.62E+11,1.90E+11,1.84E+11,1.90E+11,2.16E+11,2.59E+11,3.28E+11,3.77E+11,4.16E+11,5.20E+11,4.29E+11,5.28E+11,6.71E+11,7.36E+11,7.47E+11,7.56E+11,6.54E+11,6.45E+11,6.89E+11
SDN,13829744879,9018243044,11681494637,11250327988,10682045258,12257418326,15716489370,18136839087,21355576673,26645490675,35182105414,45264519503,59440139775,64831935604,58316191440,74151186600,78403418360,63195499524,66026600235,76818327442,84985132167,1.03E+11,1.30E+11
SEN,6326342963,6559712551,6041478436,6505607633,6592835458,6013184809,6507824767,7006402592,8768721956,10076817278,11009032665,11697918803,13994218939,16853991177,16145868285,16121314671,17814284622,17660871726,18918668644,19797254643,17774766636,19040312815,20996564752
SGP,87810991957,96295886525,1.00E+11,85728310229,86284660767,96074477958,89794943350,92537752709,97645448284,1.15E+11,1.28E+11,1.49E+11,1.81E+11,1.94E+11,1.94E+11,2.40E+11,2.79E+11,2.95E+11,3.08E+11,3.15E+11,3.08E+11,3.19E+11,3.43E+11
SLB,469443201.5,510580417.2,526559955.9,457584496.2,488028751,419845231.8,409507389.2,346405301.7,417671431.8,468008069.8,552862587.8,617254747.4,695295347.6,776339395.2,805561762.9,898133796.3,1063889652,1185215902,1285917750,1335579570,1307908070,1379482147,1469787256
SLE,870758739.4,941742152.7,850218033.6,672375927.3,669384768.9,635874002.2,1090467712,1253340520,1385810072,1448536631,1650494367,1885112202,2158496873,2505458705,2453899847,2578026297,2942546781,3801862611,4920343195,5015157816,4218723875,3674794530,3719369107
SLV,8921947100,9586327800,10221705900,10936669900,11284197000,11784927700,12282533600,12664190300,13243892200,13724810900,14698000000,15999890000,17011750000,17986890000,17601620000,18447920000,20283780000,21386150000,21990960000,22593470000,23438240000,24191430000,24979190000
SMR,,,,,1109098658,1005159388,1077413479,1168269231,1464326161,1723750000,1785847531,1908167106,2185874624,2393437820,2056126702,1881214371,1813752784,1604779648,1678841812,1673973695,1419394771,1468377272,1528630707
SOM,,,,,,,,,,,,,,,,,,,4577000000,5024999992,5335000000,5534000000,5609000000
SRB,16832598870,21818007449,25676488000,19457979423,19388663551,6875845987,12960538724,17120906918,22482365322,26141968161,27683225959,32482070360,43170990616,52194221469,45162894381,41819468692,49258136129,43309252921,48394239475,47062206678,39655958843,40692643373,44179055280
SSA,3.76E+11,3.92E+11,4.07E+11,3.94E+11,3.98E+11,4.22E+11,4.04E+11,4.40E+11,5.55E+11,6.90E+11,8.20E+11,9.69E+11,1.12E+12,1.27E+12,1.22E+12,1.46E+12,1.64E+12,1.71E+12,1.81E+12,1.89E+12,1.69E+12,1.58E+12,1.71E+12
SSD,,,,,,,,,,,,,,14586253383,12231264525,14602072411,14907308933,11931472169,18426469017,13962212847,11997800760,,
SSF,3.76E+11,3.93E+11,4.08E+11,3.95E+11,3.99E+11,4.23E+11,4.05E+11,4.41E+11,5.56E+11,6.91E+11,8.21E+11,9.70E+11,1.12E+12,1.27E+12,1.23E+12,1.46E+12,1.64E+12,1.71E+12,1.81E+12,1.90E+12,1.69E+12,1.58E+12,1.71E+12
SST,95800617912,1.02E+11,1.09E+11,1.09E+11,1.17E+11,1.30E+11,1.30E+11,1.39E+11,1.66E+11,2.00E+11,2.38E+11,2.77E+11,3.32E+11,4.00E+11,3.43E+11,3.94E+11,4.75E+11,4.96E+11,5.16E+11,5.33E+11,4.55E+11,4.47E+11,4.83E+11
STP,,,,,,,75951210.69,85171308.17,102085583.5,114582561.6,136450274.7,142775597.3,149146423.1,188021190.6,187820464.6,196652514.3,231489270.1,250680845.7,300554483.6,346528329.2,316066072.3,345495615,375614126.2
SUR,691590497.7,861411471.3,926422500,1110850000,886290697.7,947671969.7,834279357.8,1093574468,1274190311,1484092538,1793388732,2626380435,2936612022,3532969035,3875409836,4368398048,4422276622,4980000000,5145757576,5240606061,5126188135,3317437626,3591660724
SVK,25840146405,27925036755,27706028096,29856000671,30463670124,29242558797,30778781607,35297794386,46919965224,57437444469,62808723477,70767338922,86563986799,1.01E+11,89399303222,91162836320,99922685425,94623731086,98935222175,1.01E+11,88900883131,89952699525,95649966261
SVN,21352224019,21507232649,20763101741,22146231968,22711384311,20289627637,20876309970,23489890274,29634713641,34414784504,36206395971,39481045038,48067401207,55779427740,50567734886,48208240226,51583869785,46577793184,48415657265,49997186439,43107506024,44766722791,48589100043
SWE,2.67E+11,2.92E+11,2.68E+11,2.71E+11,2.74E+11,2.63E+11,2.42E+11,2.67E+11,3.34E+11,3.85E+11,3.92E+11,4.23E+11,4.91E+11,5.18E+11,4.37E+11,4.96E+11,5.74E+11,5.52E+11,5.87E+11,5.82E+11,5.05E+11,5.16E+11,5.41E+11
SWZ,1698982438,1602760100,1716699913,1576904292,1547884442,1738100853,1542477309,1432228125,2197612701,2770082792,3178126492,3291353836,3469363996,3294093485,3580417067,4438778424,4820499924,4886533033,4597532030,4422968340,4063245671,3816022047,4402969226
SXM,,,,,,,,,,,,,,,,,936089385.5,985865921.8,1022905028,1245251397,1253072626,1263687151,1191620112
SYC,508221508.2,503068472.2,562958836.5,608369282.2,622985493.7,614879764.8,622262057.2,697518248.2,705704816,839319927.3,919103254.5,1016418229,1033561654,967199594,847397850.1,969936525.3,1065826670,1059498884,1328091522,1387581392,1416001322,1490228319,1573433081
SYR,50866369710,61546280624,66420400891,70418173719,72970334076,80590022272,86771314031,90558485523,95693808463,1.13E+11,1.34E+11,1.54E+11,1.80E+11,2.18E+11,2.25E+11,2.53E+11,67539427671,43190317725,21361254648,21502061462,16468399180,12598742887,16369724433
TCA,,,,,,,358744800,366707900,409753600,485598800,578645800,721891500,773489700,862683600,703175800,686787800,728789600,727161000,754238000,841070000,942070000,1032452000,1022365000
TCD,1445919970,1607345450,1544689503,1744794457,1534673583,1388506727,1710843361,1997005787,2742815195,4422855929,6649307057,7428701809,8650138069,10393834721,9290728773,10668102735,12172309523,12367363678,12953535496,13940768066,10950392220,10097778354,10000395242
TEA,1.32E+12,1.52E+12,1.57E+12,1.43E+12,1.57E+12,1.73E+12,1.84E+12,2.04E+12,2.31E+12,2.68E+12,3.10E+12,3.74E+12,4.72E+12,5.97E+12,6.48E+12,7.88E+12,9.63E+12,1.07E+13,1.19E+13,1.28E+13,1.33E+13,1.36E+13,1.49E+13
TEC,9.24E+11,9.50E+11,9.80E+11,9.48E+11,8.22E+11,8.94E+11,9.10E+11,1.02E+12,1.26E+12,1.63E+12,2.04E+12,2.47E+12,3.17E+12,3.93E+12,3.11E+12,3.66E+12,4.45E+12,4.65E+12,4.91E+12,4.64E+12,3.63E+12,3.49E+12,3.91E+12
TGO,1309382885,1465448290,1498950899,1587345951,1576672792,1491891108,1482437752,1706698099,2115836353,2259992642,2281482855,2351584608,2662612348,3323677130,3379258565,3429461495,3872459250,3873308389,4321655656,4574986537,4180866177,6031632168,6395472574
THA,1.69E+11,1.83E+11,1.50E+11,1.14E+11,1.27E+11,1.26E+11,1.20E+11,1.34E+11,1.52E+11,1.73E+11,1.89E+11,2.22E+11,2.63E+11,2.91E+11,2.82E+11,3.41E+11,3.71E+11,3.98E+11,4.20E+11,4.07E+11,4.01E+11,4.13E+11,4.56E+11
TJK,1231040564,1043654822,921572114.5,1320242081,1086605267,860521119.3,1080768907,1221120799,1555301496,2076182461,2312327536,2830220713,3719506173,5161337336,4979481980,5642178580,6522732203,7633049792,8448469838,9112544556,8271454301,6992393787,7536439875
TKM,2482228440,2378759975,2450349634,2605688065,2450564468,2904662605,3534803922,4461978499,5977560877,6838351088,8103901996,10276674365,12664165103,19271523179,20214385965,22583157895,29233333333,35164210526,39197543860,43524210526,35799714286,36169428571,37926285714
TLA,1.83E+12,1.99E+12,2.19E+12,2.20E+12,1.97E+12,2.18E+12,2.12E+12,1.89E+12,1.92E+12,2.23E+12,2.71E+12,3.19E+12,3.77E+12,4.41E+12,4.13E+12,5.16E+12,5.88E+12,5.94E+12,6.09E+12,6.21E+12,5.14E+12,5.02E+12,5.59E+12
TLS,,,,,,367087900,477443500,469506692.6,490439064.4,440764572.1,462283556.7,453805097.3,542795446.5,648492745.9,726882390.2,881827794.9,1042411479,1160389551,1395519568,1447310449,1594447631,1650619370,1595724261
TMN,3.68E+11,4.24E+11,4.49E+11,4.57E+11,4.97E+11,5.28E+11,5.34E+11,5.20E+11,5.68E+11,6.75E+11,7.97E+11,9.30E+11,1.13E+12,1.40E+12,1.36E+12,1.57E+12,1.62E+12,1.74E+12,1.60E+12,1.59E+12,1.43E+12,1.46E+12,1.45E+12
TON,208871665.7,222100576.3,214991452.3,191504892.8,199214633.2,204849612.6,181116952.8,182763693.9,202246959.7,230657965.5,261797606.1,292232117.1,298513956.2,344428609,312377379.3,366840012.4,414523388.5,470714083.4,450643615.2,439878828,437006227.2,420540178.6,460379145
TSA,4.80E+11,5.25E+11,5.51E+11,5.58E+11,5.98E+11,6.30E+11,6.46E+11,6.77E+11,7.91E+11,9.17E+11,1.05E+12,1.20E+12,1.50E+12,1.53E+12,1.68E+12,2.06E+12,2.28E+12,2.30E+12,2.36E+12,2.59E+12,2.70E+12,3.01E+12,3.43E+12
TSS,3.76E+11,3.93E+11,4.08E+11,3.95E+11,3.99E+11,4.23E+11,4.05E+11,4.41E+11,5.56E+11,6.91E+11,8.21E+11,9.70E+11,1.12E+12,1.27E+12,1.23E+12,1.46E+12,1.64E+12,1.71E+12,1.81E+12,1.90E+12,1.69E+12,1.58E+12,1.71E+12
TTO,5329214163,5759537726,5737751332,6043694330,6808982521,8154338233,8824873259,9008273721,11305459802,13280275123,15982282462,18369361094,21641620050,27871587350,19172165226,22157948396,25433011405,27121712423,28557451143,29489012807,26851970254,23496215885,23797686966
TUN,18030876599,19587322786,20746360430,21803372267,22943685719,21473261837,22066031834,23142153760,27453007373,31183059012,32273007554,34377310293,38914078352,44860969077,43454935940,46206091938,48122744708,47311159485,48684187850,50271072628,45780077488,44360754190,42163966273
TUR,1.69E+11,1.81E+11,1.90E+11,2.76E+11,2.56E+11,2.74E+11,2.02E+11,2.40E+11,3.15E+11,4.09E+11,5.06E+11,5.57E+11,6.81E+11,7.70E+11,6.49E+11,7.77E+11,8.39E+11,8.81E+11,9.58E+11,9.39E+11,8.64E+11,8.70E+11,8.59E+11
TUV,11025945.14,12334846.23,12700905.45,12757632.87,13687141.11,15074211.5,13965035.69,16842334.02,19456514.69,22797470.22,22909507.45,24096385.54,28449502.13,31873846.67,28076743.1,32104201.06,39195461.58,39345620.21,38617493.72,38759689.92,36811659.53,41629497.47,45217657.88
TZA,5255221425,6496195451,7683852497,12270448700,12711213451,13375976354,13581644246,14142035080,15224257698,16675948415,18399046025,18649590248,21843529025,27961527623,29081826159,32014247548,34657141721,39650522646,45680532614,49964825081,47378603784,49774004999,53320647489
UGA,5755818947,6044585327,6269333313,6584815847,5998563258,6193246837,5840503869,6178563591,6606884391,7939487474,9239221859,9977647645,11902564401,14440404021,25127805566,26673441667,27871725206,27305915761,28915786997,32612397758,32387183845,29203988815,30744473912
UKR,48214751924,44558075977,50150400172,41883241478,31580960682,32375280321,39309580983,43956369917,52010238716,67220154164,89239370109,1.12E+11,1.49E+11,1.88E+11,1.22E+11,1.41E+11,1.69E+11,1.83E+11,1.90E+11,1.34E+11,91030959455,93355993629,1.12E+11
UMC,3.54E+12,3.85E+12,4.12E+12,4.06E+12,3.84E+12,4.25E+12,4.27E+12,4.30E+12,4.81E+12,5.77E+12,6.93E+12,8.23E+12,1.02E+13,1.24E+13,1.20E+13,1.46E+13,1.76E+13,1.89E+13,2.03E+13,2.09E+13,1.97E+13,1.95E+13,2.16E+13
URY,19297663097,20515543039,23969823010,25385928189,23983945191,22823255802,20898788417,13606494599,12045631093,13686329890,17362857684,19579457966,23410572634,30366213119,31660911277,40284481652,47962439304,51264390116,57531233351,57236013086,53274304222,57236652490,64233966861
USA,7.64E+12,8.07E+12,8.58E+12,9.06E+12,9.63E+12,1.03E+13,1.06E+13,1.09E+13,1.15E+13,1.22E+13,1.30E+13,1.38E+13,1.45E+13,1.48E+13,1.45E+13,1.50E+13,1.56E+13,1.63E+13,1.68E+13,1.76E+13,1.82E+13,1.87E+13,1.95E+13
UZB,13350468917,13948892216,14744603774,14988971211,17078465982,13760513969,11401421329,9687788513,10134453435,12030023548,14307509839,17330833853,22311393928,29549438884,33689223673,49765676402,60178909297,67517349212,73180036692,80845384375,86196265192,86138288615,62081323299
VCT,316007407.4,331488888.9,347770370.4,373618518.5,390718518.5,427946037,462072333.3,487763851.9,509090888.9,549900185.2,579948925.9,643501148.1,713596666.7,732663259.3,714300259.3,720447888.9,713796370.4,730032592.6,764781259.3,770901444.4,786554592.6,814302259.3,847620222.2
VEN,77407726244,70543211119,85843534589,91331203433,97976886247,1.17E+11,1.23E+11,92893587734,83620628582,1.12E+11,1.46E+11,1.83E+11,2.30E+11,3.16E+11,3.30E+11,3.93E+11,3.16E+11,3.81E+11,3.71E+11,4.82E+11,,,
VGB,,,,,,,,,,,,,,,,,,,,,,,
VIR,,,,,,,,3262000000,3443000000,3797000000,4428000000,4484000000,4784000000,4244000000,4201000000,4324000000,4223000000,4089000000,3738000000,3565000000,3663000000,3798000000,3794000000
VNM,20736164459,24657470575,26843700442,27209602050,28683659007,31172518403,32685198735,35064105501,39552513316,45427854693,57633255618,66371664817,77414425532,99130304099,1.06E+11,1.47E+11,1.73E+11,1.96E+11,2.14E+11,2.33E+11,2.39E+11,2.57E+11,2.81E+11
VUT,249333250.1,261370044.5,272771209.1,262293410.7,268006972.7,272014693.1,257926881.7,262596597.8,314471328.1,364996869.1,394962552.3,439358717.6,516392922.5,590748237,592622502.4,670713208.1,770153304.2,747839697.7,758304466.2,772315721.3,730870581.7,780889605.9,880062103
WLD,3.10E+13,3.17E+13,3.16E+13,3.15E+13,3.27E+13,3.38E+13,3.36E+13,3.49E+13,3.92E+13,4.41E+13,4.78E+13,5.18E+13,5.83E+13,6.41E+13,6.08E+13,6.66E+13,7.39E+13,7.55E+13,7.76E+13,7.97E+13,7.52E+13,7.65E+13,8.14E+13
WSM,224865731.4,249908970.7,285475591.9,269481523.2,255410018,258856139.8,266299591.5,281793623.8,333428715.8,407749562.6,476801793.2,499923757.8,573548459.8,641346191.7,628006115.4,680250453.1,744104842.1,773157453.3,797728653.3,796698269.2,824160018.2,843929640,884847176.2
XKX,,,,,,,,,,,,,,5181776769,5015894693,5344014318,6341737194,6163785173,6735731173,7074657898,6295820482,6682832632,7180813376
YEM,4258788725,5785685311,6838557384,6325141676,7641102523,9652436180,9861560095,10694628092,11777966673,13872791659,16746344766,19061978586,21650532264,26910851362,25130274124,30906749533,32726417878,35401323350,40415233436,43228585321,42444495590,31317828584,26842231205
ZAF,1.72E+11,1.63E+11,1.69E+11,1.53E+11,1.52E+11,1.52E+11,1.35E+11,1.29E+11,1.97E+11,2.56E+11,2.89E+11,3.04E+11,3.33E+11,3.16E+11,3.30E+11,4.17E+11,4.58E+11,4.34E+11,4.01E+11,3.81E+11,3.47E+11,3.24E+11,3.81E+11
ZMB,3807067122,3597220962,4303281932,3537683046,3404311977,3600683040,4094480988,4193845678,4901839731,6221077675,8331870169,12756858899,14056957976,17910858638,15328342304,20265559484,23459515276,25503060420,28037239463,27141023558,21251216799,20958412538,25873601261
ZWE,7111270700,8553146600,8529571600,6401968200,6858013100,6689957600,6777384700,6342116400,5727591800,5805598400,5755215200,5443896500,5291950100,4415702800,9665793264,12041655180,14101920310,17114849880,19091019990,19495519630,19963120610,20548678070,17584890937
